Workbook

Sheet Define
B2: Base Information | L2: How To Use
B3: Target Name | C3: blur_scaler | L3: 파이썬 프로그램 "" 을 실행하여 RTL(.v)파일을 물린다. 프로그램이 자동으로 Hierarchy를 분석하여 Path정보와 Clock, Reset, Input Output Port, Define의 정의 된 정보들을 불러와 아래 Sheet를 채우게 된다. 하기 Defien 정보는 이후 Sheet들의 Dropdown List가 되며 Assertion Generation에도 활용된다.
B4: Target Path | C4: top.dut
B5: Base Clock | C5: I_CLK
B6: Base Reset | C6: I_RSTN
B8: Defines | E8: Input/Output Ports | L8: Signal Assignments
B9: Name | C9: Value | E9: Inputs | F9: Bits | G9: Outputs | H9: Bits | I9: Parameters | J9: Bits | L9: Name | M9: Equation | N9: Bits
E10: i_blur_mode_cap | F10: 1 | G10: o_data | H10: 8 | I10: WEIGHT_WIDTH | J10: 1 | L10: last_de_out | M10: (i_vact_state != 7) && o_den | N10: 1
E11: i_den | F11: 1 | G11: o_den | H11: 1 | I11: PARAM_WIDTH | J11: 1
E12: i_hor_cnt | F12: 11 | G12: o_hsync | H12: 1 | I12: DATA_WIDTH | J12: 1
E13: i_hsync | F13: 1 | G13: o_vsync | H13: 1 | I13: SUM_WIDTH | J13: 1
E14: i_mirror_mode_cap | F14: 1
E15: i_sram_rd1 | F15: 8
E16: i_sram_rd2 | F16: 8
E17: i_sram_rd3 | F17: 8
E18: i_vact_state | F18: 11
E19: i_vsync | F19: 1
E20: i_w1_cap | F20: 4
E21: i_w2_cap | F21: 4
E22: i_w3_cap | F22: 4
E23: i_w4_cap | F23: 4
E24: i_w5_cap | F24: 4
E25: i_w6_cap | F25: 4
... E29: i_weight_wr_mode_cap | F29: 1

Sheet Assertion Sheet
B4: Counter | H4: Handshake | L4: Pulse Width | O4: Condition
B5: Count Value | C5: Logic Condition | E5: Assertion Condition | H5: Type | I5: Sender | J5: Receiver | L5: Check Target | M5: Expected Value | O5: Check Num # | P5: Trigger | Q5: Delay*_1 | R5: Delay*_2 | S5: Result_*
B6: Target | C6: Plus condition | D6: Reset Condition | E6: trigger_condition | F6: Expect Count Value | H6: ready/valid | I6: valid | J6: ready | L6: pulse | M6: expect_count | O6: 1 | P6: trigger_1 | Q6: delay1_1 | R6: delay1_2 | S6: result_1
B7: cnt | C7: plus_condition | D7: reset_condition | E7: trigger_condition | F7: expect_count_value | H7: 4Phase req/ack | I7: req | J7: ack | O7: 2 | P7: trigger_2 | Q7: delay2_1 | R7: delay2_2 | S7: result_2
H8: 2Phase req/ack | I8: req | J8: ack | O8: 3
O9: 4
O10: 5
O11: 6
O12: 7
O13: 8
O14: 9
O15: 10
O16: 11
O17: 12
O18: 13
O19: 14
O20: 15
... O25: 20
O26: ...

Sheet basicAssertion
C2: Base Clock | E2: =Define!C5 -> I_CLK
C3: Base Reset | E3: =Define!C6 -> I_RSTN
C5: basicAssertion | O5: Expected Preset(Condition)
C6: Check Num # | D6: User Property Name | E6: Property Base Clock Condition | F6: Disable Condition | G6: Trigger Condition | H6: User Result | I6: User Sequence Name | J6: Sequence Base Clock Condition | K6: User Sequence | O6: `include "uvm_marcros.svh" import uvm_pkg::*; interface assertion_intf(); logic [Bit Width] <Reference Clock>; logic [Bit Width] <Base Reset>; logic [Bit Width] <Parsing Port>; logic [Bit Width] <Parsing Port>; logic [Bit Width] <Parsing Port>; sequence <User Sequence name>(); @(<Sequence Base Clock Condition>) <User Sequence> endsequence property <User Property name>(); @(<Property Base Clock Condition>) disable iff (<Disable Condition>) <Trigger Condition> |-> <User Result>; endproperty assert property (<User Property name>) else $error("failed at %t", $time") endinterface // 윗부분까지가 생성되는 assertion_gen.sv 입니다. 아래부터는 assertion_gen_inst.sv 입니다. assertion_intf u_assertion_intf(); assign u_assertion_intf.<Reference Clock> = top.dut.<Reference Clock>; assign u_assertion_intf.<Base Reset> = top.dut.<Base Reset>; assign u_assertion_intf.<DIVRATIO> = top.dut.<Parsing Port>; assign u_assertion_intf.<CLKOUT> = top.dut.<Parsing Port>; assign u_assertion_inst.<START_FLAG> = top.dut.<Parsing Port>;
C7: 1
C8: 2
C9: 3
C10: 4
C11: 5
C12: 6
C13: 7
C14: 8
C15: 9
C16: 10
C17: 11
C18: 12
... C26: 20
C27: ...

Sheet handshake
C2: Base Clock | D2: =Define!C5 -> I_CLK
C3: Base Reset | D3: =Define!C6 -> I_RSTN
C5: Handshake | H5: Expected Preset(Ready/Valid) | U5: Description(TBD)
C6: Type | D6: Sender | E6: Receiver | H6: `include "uvm_marcros.svh" import uvm_pkg::*; module assertion_ready_valid() ( input <Base Clock>, input <Base Reset>, input <Sender>, input <Receiver> ); property p_ready_valid_check(ready, valid); @(posedge clk) disable iff (!resetn) valid && !ready |-> ##[1:$] (ready || (valid && !ready)); endproperty assert property (p_ready_valid_check(i_ready, i_valid) else $error("failed at %t", $time") | U6: * Ready/Valid Protocol 위배 사항 : 대표적으로 3가지 Case가 존재. 1. Valid가 1, Ready가 0인데 Ready가 1이 되기 전에 Valid가 0으로 떨어짐. 2. Valid와 Ready가 모두 1인데 Data가 전달되지 않음. 3. Valid가 1인 동안 Data가 바뀜. -> 2번과 3번은 User가 작성해야 할 추가 정보가 많다고 판단, 1번에 해당하는 Case가 뜨지 않는지 확인하도록 Assertion Preset을 구성. * Req/Ack Protocol : req, ack 조합에 따라서 ##1 뒤에 가능한 Case가 등장하는가 확인.
H27: Expected Preset(4-phase req/ack)
H28: `include "uvm_marcros.svh" import uvm_pkg::*; module assertion_4phase() ( input <Base Clock>, input <Base Reset>, input <Sender>, input <Receiver> ); property p_req_ack_check_0(req, ack) @(posedge clk) disable iff (!resetn) (~req & ~ack) |-> ##1 ((req & ~ack) or (req & ack) or (~req & ~ack)); endproperty property p_req_ack_check_1(req, ack) @(posedge clk) disable iff (!resetn) (req & ~ack) |-> ##1 ((req & ack) or (req & ~ack)); endproperty property p_req_ack_check_2(req, ack) @(posedge clk) disable iff (!resetn) (req & ack) |-> ##1 ((req & ~ack) or (~req & ~ack) or (req & ack)); endproperty req_ack_4ph_0 : assert property (p_req_ack_check_0(<Sender>, <Receiver>)) else $error("failed at %t", $time); req_ack_4ph_1 : assert property (p_req_ack_check_1(<Sender>, <Receiver>)) else $error("failed at %t", $time); req_ack_4ph_2 : assert property (p_req_ack_check_2(<Sender>, <Receiver>)) else $error("failed at %t", $time); endmodule //====================inst.sv 파일 생성 예시 ========================= assertion_4phase u_assertion_2phase(); assign u_assertion_4phase.<Base Clock> = top.dut.<Base Clock>; assign u_assertion_4phase.<Base Reset> = top.dut.<Base Reset>; assign u_assertion_4phase.<Sender> = top.dut.<Sender>; assign u_assertion_4phase.<Receiver> = top.dut.<Receiver>;
H75: Expected Preset(2-phase req/ack)
H76: `include "uvm_marcros.svh" import uvm_pkg::*; module assertion_2phase() ( input <Base Clock>, input <Base Reset>, input <Sender>, input <Receiver> ); property p_req_ack_check_0(req, ack) @(posedge clk) disable iff (!resetn) (~req & ~ack) |-> ##1 ((req & ~ack) or (req & ack) or (~req & ~ack)); endproperty property p_req_ack_check_1(req, ack) @(posedge clk) disable iff (!resetn) (~req & ack) |-> ##1 ((~req & ~ack) or (~req & ack)); endproperty property p_req_ack_check_2(req, ack) @(posedge clk) disable iff (!resetn) (req & ~ack) |-> ##1 ((req & ack) or (req & ~ack)); endproperty property p_req_ack_check_3(req, ack) @(posedge clk) disable iff (!resetn) (req & ack) |-> ##1 ((~req & ack) or (~req & ~ack) or (req & ack)); endproperty req_ack_2ph_0 : assert property (p_req_ack_check_0(i_req, i_ack)) else $error("failed at %t", $time); req_ack_2ph_1 : assert property (p_req_ack_check_1(i_req, i_ack)) else $error("failed at %t", $time); req_ack_2ph_2 : assert property (p_req_ack_check_2(i_req, i_ack)) else $error("failed at %t", $time); req_ack_2ph_3 : assert property (p_req_ack_check_3(i_req, i_ack)) else $error("failed at %t", $time); endmodule

Sheet HSW
C2: Base Clock | D2: =Define!C5 -> I_CLK
C3: Base Reset | D3: =Define!C6 -> I_RSTN
C5: HSW | I5: Expected Preset(hpulse)
C6: Hsync Signal | D6: Data Enable Signal | E6: Expected Min Value | F6: Expected Max Value | I6: `include "uvm_marcros.svh" import uvm_pkg::*; interface assertion_intf() ( input <Base Clock>, input <Base Reset>, input <Hsync Signal>, input <Data Enable Signal> ) property p_hsw; int value_count; @(posedge <Base Clock>) disable iff(!<Base Reset>) $rose(<Hsync Signal>) |-> (1, value_count = 0) ##1 (<Hsync Signal>, value_count = value_count + 1)[*0:$] ##1 (!<Hsync Signal>, value_count = value_count + 1) ##0 (<expected_min_value> <= value_count && value_count <= <expected_max_value>); endproperty assert property (p_hsw) else $error("failed at %t", $time"); endinterface // 윗부분까지가 생성되는 assertion_gen.sv 입니다. 아래부터는 assertion_gen_inst.sv 입니다. assertion_intf u_assertion_intf(); assign u_assertion.<Base_Clock> = top.dut.<Base_Clock>; assign u_assertion.<Base_Reset> = top.dut.<Base_Reset>; assign u_assertion.<Hsync Signal> = top.dut.<Hsync Signal>; assign u_assertion.<Data Enable Signal> = top.dut.<Data Enable Signal>;

Sheet HBP
C2: Base Clock | D2: =Define!C5 -> I_CLK
C3: Base Reset | D3: =Define!C6 -> I_RSTN
C5: HBP | J5: Expected Preset(HBP)
C6: Hsync Signal | D6: Vsync Signal | E6: Data Enable Signal | F6: Expected Min Value | G6: Expected Max Value | J6: `include "uvm_marcros.svh" import uvm_pkg::*; interface assertion_intf() ( input <Base Clock>, input <Base Reset>, input <Hsync Signal>, input <Vsync Signal>, input <Data Enable Signal> ) int hbp_low_cnt; always @(posedge <Base Clock> or negedge <Base Reset>) begin if(!<Base Reset>) begin hbp_low_cnt <= 0; end else begin if(<Hsync Signal>) begin hbp_low_cnt <= 0; end else begin hbp_low_cnt <= hbp_low_cnt + 1; end end end property p_hbp; @(posedge <Base Clock>) disable iff(!<Base Reset>) $rose(<Data Enable Signal>) |-> ((hbp_low_cnt >= <Expected Min Value>) && (hbp_low_cnt <= <Expected Max Value>)); endproperty assert property (p_hbp) else $error("failed at %t", $time"); endinterface // 윗부분까지가 생성되는 assertion_gen.sv 입니다. 아래부터는 assertion_gen_inst.sv 입니다. assertion_intf u_assertion_intf(); assign u_assertion_intf.<Base_Clock> = top.dut.<Base_Clock>; assign u_assertion_intf.<Base_Reset> = top.dut.<Base_Reset>; assign u_assertion_intf.<Hsync Signal> = top.dut.<Hsync Signal>; assign u_assertion_intf.<Data Enable Signal> = top.dut.<Data Enable Signal>;

Sheet HACT
C2: Base Clock | D2: =Define!C5 -> I_CLK
C3: Base Reset | D3: =Define!C6 -> I_RSTN
C5: HACT | I5: Expected Preset(HACT)
C6: Hsync Signal | D6: Data Enable Signal | E6: Expected Min Value | F6: Expected Max Value | I6: `include "uvm_marcros.svh" import uvm_pkg::*; interface assertion_intf() ( input <Base Clock>, input <Base Reset>, input <Hsync Signal>, input <Data Enable Signal> ) int hact_clk_cnt; always @(posedge <Base Clock> or negedge <Base Reset>) begin if(!<Base Reset) begin hact_clk_cnt <= 0; end else begin if(<Data Enable Signal>) begin hact_clk_cnt <= hact_clk_cnt + 1; end else if($rose(<Hsync Signal>)) begin hact_clk_cnt <= 0; end else begin hact_clk_cnt <= hact_clk_cnt; end end end property p_hact; @(posedge <Base Clock>) disable iff(!<Base Reset>) $fell(<Data Enable Signal>) |-> ((<Expected_Min_Value> <= hact_clk_cnt) && (hact_clk_cnt <= <Expected_Max_Value>)) endproperty assert property (p_hact) $display("[%0t] Assertion PASS", $time); else $display ("[%0t] Assertion FAIL", $time); endinterface // 윗부분까지가 생성되는 assertion_gen.sv 입니다. 아래부터는 assertion_gen_inst.sv 입니다. assertion_intf u_assertion_intf(); assign u_assertion_intf.<Base_Clock> = top.dut.<Base_Clock>; assign u_assertion_intf.<Base_Reset> = top.dut.<Base_Reset>; assign u_assertion_intf.<Hsync Signal> = top.dut.<Hsync Signal>; assign u_assertion_intf.<Data Enable Signal> = top.dut.<Data Enable Signal>;

Sheet HFP
C2: Base Clock | D2: =Define!C5 -> I_CLK
C3: Base Reset | D3: =Define!C6 -> I_RSTN
C5: HFP | I5: Expected Preset(HFP)
C6: Hsync Signal | D6: Data Enable Signal | E6: Expected Min Value | F6: Expected Max Value | I6: `include "uvm_marcros.svh" import uvm_pkg::*; interface assertion_intf() ( input <Base Clock>, input <Base Reset>, input <Hsync Signal>, input <Data Enable Signal> ) int hfp_clk_cnt; logic l_hfp; always @(posedge <Base Clock> or negedge <Base Reset>) begin if(!<Base Reset>) begin l_hfp <= 0; end else begin if($fell(<Data Enable Signal>)) begin l_hfp <= 1; end else if(<Hsync Signal>) begin l_hfp <= 0; end else begin l_hfp <= l_hfp; end end end always @(posedge <Base Clock> or negedge <Base Reset>) begin if(!<Base Reset) begin hfp_clk_cnt <= 0; end else begin if(l_hfp) begin hfp_clk_cnt <= hfp_clk_cnt + 1; end else if(!<Hsync Signal>) begin hfp_clk_cnt <= 0; end else begin hfp_clk_cnt <= hfp_clk_cnt; end end end property p_hfp; @(posedge <Base Clock>) disable iff(!<Base Reset>) $fell(l_hfp) |-> ((<Expected_Min_Value> <= hfp_clk_cnt) && (hfp_clk_cnt <= <Expected_Max_Value>)); endproperty assert property (p_hfp) $display("[%0t] Assertion PASS", $time); else $display ("[%0t] Assertion FAIL", $time); endinterface // 윗부분까지가 생성되는 assertion_gen.sv 입니다. 아래부터는 assertion_gen_inst.sv 입니다. assertion_intf u_assertion_intf(); assign u_assertion_intf.<Base_Clock> = top.dut.<Base_Clock>; assign u_assertion_intf.<Base_Reset> = top.dut.<Base_Reset>; assign u_assertion_intf.<Hsync Signal> = top.dut.<Hsync Signal>; assign u_assertion_intf.<Data Enable Signal> = top.dut.<Data Enable Signal>;

Sheet VSW
C2: Base Clock | D2: =Define!C5 -> I_CLK
C3: Base Reset | D3: =Define!C6 -> I_RSTN
C5: VSW | J5: Expected Preset(VSW)
C6: Hsync Signal | D6: Vsync Signal | E6: Data Enable Signal | F6: Expected Min Value | G6: Expected Max Value | J6: `include "uvm_marcros.svh" import uvm_pkg::*; interface assertion_intf() ( input <Base Clock>, input <Base Reset>, input <Hsync Signal>, input <Vsync Signal>, input <Data Enable Signal> ) int vsw_hsync_cnt; always @(posedge <Base Clock> or negedge <Base Reset>) begin if(!<Base Reset>) begin vsw_hsync_cnt <= 0; end else begin if(<Vsync Signal> && $fell(<Hsync Signal>)) begin vsw_hsync_cnt <= vsw_hsync_cnt + 1; end else if($fell<Hsync_Signal>)) begin vsw_hsync_cnt <= 0; end else begin vsw_hsync_cnt <= vsw_hsync_cnt; end end end property p_vsw; @(posedge <Base Clock>) disable iff (!<Base Reset>) $fell(<Vsync Signal>) |-> ((<Expected Min Value> <= vsw_hsync_cnt) && (vsw_hsync_cnt <= <Expected Max Value>)); endproperty assert property (p_vsw) $display("[%0t] Assertion PASS", $time); else $display ("[%0t] Assertion FAIL", $time); endinterface // 윗부분까지가 생성되는 assertion_gen.sv 입니다. 아래부터는 assertion_gen_inst.sv 입니다. assertion_intf u_assertion_intf(); assign u_assertion_inst.<Base Clock> = top.dut.<Base Clock>; assign u_assertion_inst.<Base Reset> = top.dut.<Base Reset>; assign u_assertion_inst.<Hsync Signal> = top.dut.<Hsync Signal>; assign u_assertion_inst.<Vsync Signal> = top.dut.<Vsync Signal>; assign u_assertion_inst.<Data Enable Signal> = top.dut.<Data Enable Signal>;

Sheet VBP
C2: Base Clock | D2: =Define!C5 -> I_CLK
C3: Base Reset | D3: =Define!C6 -> I_RSTN
C5: VBP | J5: Expected Preset(VBP)
C6: Hsync Signal | D6: Vsync Signal | E6: Data Enable Signal | F6: Expected Min Value | G6: Expected Max Value | J6: `include "uvm_marcros.svh" import uvm_pkg::*; interface assertion_intf() ( input <Base Clock>, input <Base Reset>, input <Hsync Signal>, input <Vsync Signal>, input <Data Enable Signal> ) int vbp_hsync_cnt; logic l_vbp; always @(posedge <Base Clock> or negedge <Base Reset>) begin if(!<Base Reset>) begin l_vbp <= 0; end else begin if($fell(<Vsync Signal>)) begin l_vbp <= 1; end else if($rose(<Data Enable Signal>) ) begin l_vbp <= 0; end else begin l_vbp <= l_vbp; end end end always @(posedge <Base Clock> or negedge <Base Reset>) begin if(!<Base Reset>) begin vbp_hsync_cnt <= 0; end else begin if(l_vbp && $rose(<Hsync Signal>)) begin vbp_hsync_cnt <= vbp_hsync_cnt + 1; end else if($fell<Data Enable Signal>)) begin vbp_hsync_cnt <= 0; end else begin vbp_hsync_cnt <= vbp_hsync_cnt; end end end property p_vbp; @(posedge <Base Clock>) disable iff (!<Base Reset>) $fell(l_vbp) |-> ((<Expected Min Value> <= vbp_hsync_cnt) && (vbp_hsync_cnt <= <Expected Max Value>)); endproperty assert property (p_vbp) $display("[%0t] Assertion PASS", $time); else $display ("[%0t] Assertion FAIL", $time); endinterface // 윗부분까지가 생성되는 assertion_intf.sv 입니다. 아래부터는 assertion_intf_inst.sv 입니다. assertion_intf u_assertion_intf(); assign u_assertion_inst.<Base Clock> = top.dut.<Base Clock>; assign u_assertion_inst.<Base Reset> = top.dut.<Base Reset>; assign u_assertion_inst.<Hsync Signal> = top.dut.<Hsync Signal>; assign u_assertion_inst.<Vsync Signal> = top.dut.<Vsync Signal>; assign u_assertion_inst.<Data Enable Signal> = top.dut.<Data Enable Signal>;

Sheet VACT
C2: Base Clock | D2: =Define!C5 -> I_CLK
C3: Base Reset | D3: =Define!C6 -> I_RSTN
C5: VACT | J5: Expected Preset(VACT)
C6: Hsync Signal | D6: Vsync Signal | E6: Data Enable Signal | F6: Expected Min Value | G6: Expected Max Value | J6: `include "uvm_marcros.svh" import uvm_pkg::*; interface assertion_intf() ( input <Base Clock>, input <Base Reset>, input <Hsync Signal>, input <Vsync Signal>, input <Data Enable Signal> ) int vact_de_cnt; logic l_vbp_vact_vfp; always @(posedge <Base Clock> or negedge <Base Reset>) begin if(!<Base Reset>) begin l_vbp_vact_vfp <= 0; end else begin if($fell(<Vsync Signal>)) begin l_vbp_vact_vfp <= 1; end else if($rose(<Vsync Signal>) ) begin l_vbp_vact_vfp <= 0; end else begin l_vbp_vact_vfp <= l_vbp_vact_vfp; end end end always @(posedge <Base Clock> or negedge <Base Reset>) begin if(!<Base Reset>) begin vact_de_cnt <= 0; end else begin if($rose(<Data Enable Signal>)) begin vact_de_cnt <= vact_de_cnt + 1; end else if($fell<Data Enable Signal>)) begin vact_de_cnt <= 0; end else begin vact_de_cnt <= vact_de_cnt; end end end property p_vact; @(posedge <Base Clock>) disable iff (!<Base Reset>) $fell(l_vbp_vact_vfp) |-> ((<Expected Min Value> <= vact_de_cnt) && (vact_de_cnt <= <Expected Max Value>)); endproperty assert property (p_vact) $display("[%0t] Assertion PASS", $time); else $display ("[%0t] Assertion FAIL", $time); endinterface // 윗부분까지가 생성되는 assertion_intf.sv 입니다. 아래부터는 assertion_intf_inst.sv 입니다. assertion_intf u_assertion_intf(); assign u_assertion_inst.<Base Clock> = top.dut.<Base Clock>; assign u_assertion_inst.<Base Reset> = top.dut.<Base Reset>; assign u_assertion_inst.<Hsync Signal> = top.dut.<Hsync Signal>; assign u_assertion_inst.<Vsync Signal> = top.dut.<Vsync Signal>; assign u_assertion_inst.<Data Enable Signal> = top.dut.<Data Enable Signal>;

Sheet VFP
C2: Base Clock | D2: =Define!C5 -> I_CLK
C3: Base Reset | D3: =Define!C6 -> I_RSTN
C5: VFP | J5: Expected Preset(VFP)
C6: Hsync Signal | D6: Vsync Signal | E6: Data Enable Signal | F6: Expected Min Value | G6: Expected Max Value | J6: `include "uvm_marcros.svh" import uvm_pkg::*; interface assertion_intf() ( input <Base Clock>, input <Base Reset>, input <Hsync Signal>, input <Vsync Signal>, input <Data Enable Signal> ) int vfp_hsync_cnt; int vfp_de_cnt; logic l_vact_vfp; always @(posedge <Base Clock> or negedge <Base Reset>) begin if(!<Base Reset>) begin l_vact_vfp <= 0; end else if($rose(i_den)) begin l_vact_vfp <= 1; else if(<Vsync Signal>) begin l_vact_vfp <= 0; end else begin l_vact_vfp <= l_vact_vfp; end end always @(posedge <Base Clock> or negedge <Base Reset>) begin if(!<Base Reset>) begin vfp_hsync_cnt <= 0; end else begin if(l_vact_vfp && $rose(<Hsync Signal>)) begin vfp_hsync_cnt <= vfp_hsync_cnt + 1; end else if($fell<Vsync_Signal>)) begin vfp_hsync_cnt <= 0; end else begin vfp_hsync_cnt <= vfp_hsync_cnt; end end end property p_vfp; @(posedge <Base Clock>) disable iff (!<Base Reset>) $fell(l_vact_vfp) |=> (<Expected Min Value> <= (vfp_hsync_cnt - vfp_de_cnt) ) && ((vfp_hsync_cnt - vfp_de_cnt) <= <Expected Max Value>); endproperty assert property (p_vfp) $display("[%0t] Assertion PASS", $time); else $display ("[%0t] Assertion FAIL", $time); endinterface // 윗부분까지가 생성되는 assertion_gen.sv 입니다. 아래부터는 assertion_gen_inst.sv 입니다. assertion_intf u_assertion_intf(); assign u_assertion_inst.<Base Clock> = top.dut.<Base Clock>; assign u_assertion_inst.<Base Reset> = top.dut.<Base Reset>; assign u_assertion_inst.<Hsync Signal> = top.dut.<Hsync Signal>; assign u_assertion_inst.<Vsync Signal> = top.dut.<Vsync Signal>; assign u_assertion_inst.<Data Enable Signal> = top.dut.<Data Enable Signal>;

Sheet Counter
B2: Base Clock | C2: =Define!C5 -> I_CLK
B3: Base Reset | C3: =Define!C6 -> I_RSTN
B5: Counter | I5: Expected Preset(Logic Part)
B6: Count Value | C6: Logic Condition | E6: Assertion Condition | I6: always @(posedge clk or negedge resetn) begin if(!resetn) begin cnt <= 0; end else if(reset_condition) begin cnt <= 0; end else if(plus_condition) begin cnt <= cnt+1; end else begin cnt <= cnt; end end
B7: Target | C7: Plus condition | D7: Reset Condition | E7: Trigger Condition | F7: Expect Count Value
B8: cnt | C8: plus_condition | D8: reset_condition | E8: trigger_condition | F8: expect_count_value
B9: abc | C9: i_den | D9: i_hsync | E9: i_blur_mode_cap | F9: 5
I23: Expected Preset(Property Part)
I24: property p_counter_check @(posedge clk) disable iff(!resetn) trigger_condition |-> (cnt == expect_count_value); endproperty assert property (p_counter_check) else $error("failed at %t", $time")

Sheet synchronizer
C2: Base Clock | D2: =Define!C5 -> I_CLK
C3: Base Reset | D3: =Define!C6 -> I_RSTN
C5: SYNCHRONIZER | I5: Expected Preset(SYNCHRONIZER)
C6: Depth Sync Value | D6: Enable Signal | E6: Input Signal | F6: Output Signal | I6: `include "uvm_marcros.svh" import uvm_pkg::*; interface assertion_intf() ( input <Base Clock>, input <Base Reset>, input <Enable Signal>, input <Input Signal>, input <Output Signal> ) parameter DEPTH_SYNC = <Depth Sync Value>; property p_synchronizer; @(posedge <Base Clock>) disable iff(!<Base Reset>) <Enable Signal> |-> ##(DEPTH_SYNC) (<Output Signal> == $past(<Input Signal>, DEPTH_SYNC)); endproperty assert property (p_synchronizer) $display("[%0t] Assertion PASS", $time); else $display ("[%0t] Assertion FAIL", $time); endinterface // 윗부분까지가 생성되는 assertion_gen.sv 입니다. 아래부터는 assertion_gen_inst.sv 입니다. assertion_intf u_assertion_intf(); assign u_assertion_inst.<Base Clock> = top.dut.<Base Clock>; assign u_assertion_inst.<Base Reset> = top.dut.<Base Reset>; assign u_assertion_inst.<Enable Signal> = top.dut.<Enable Signal>; assign u_assertion_inst.<Input Signal> = top.dut.<Input Signal>; assign u_assertion_inst.<Output Signal> = top.dut.<Output Signal>;

Sheet clockGate
C2: Base Clock | D2: =Define!C5 -> I_CLK
C3: Base Reset | D3: =Define!C6 -> I_RSTN
C5: Clock Gate | H5: Expected Preset(Clock Gate)
C6: Depth Sync | D6: Enable Signal | E6: Clock Out | H6: `include "uvm_marcros.svh" import uvm_pkg::*; interface assertion_intf(); ( logic <Base Clock>; logic <Base Reset>; logic <Depth Sync>; logic <Enable Signal>; logic <Clock Out>; ) sequence s_count(t); (t < <Depth Sync>, t++)[*] ##1 (t==<Depth Sync>); endsequence property p_clkGate_off; int cnt; @(posedge <Base Clock>) disable iff(!<Base Reset>) (<Enable Signal>, cnt = 0) |-> s_count(cnt) |-> <Clock Out> == <Base Clock>; endproperty property p_clkGate_on; int cnt; @(posedge <Base Clock>) disable iff(!<Base Reset>) (<Enable Signal>, cnt = 0) |-> s_count(cnt) |-> <Clock Out> == 0; endproperty assert property (p_clkGate_off) $display("[%0t] Assertion PASS", $time); else $display ("[%0t] Assertion FAIL", $time); assert property (p_clkGate_on) $display("[%0t] Assertion PASS", $time); else $display ("[%0t] Assertion FAIL", $time); endinterface // 윗부분까지가 생성되는 assertion_gen.sv 입니다. 아래부터는 assertion_gen_inst.sv 입니다. assertion_intf u_assertion_intf(); assign u_assertion.<Base_Clock> = top.dut.<Base_Clock>; assign u_assertion.<Base_Reset> = top.dut.<Base_Reset>; assign u_assertion.<Depth Sync> = top.dut.<Depth Sync>; assign u_assertion.<Enable Signal> = top.dut.<Enable Signal>; assign u_assertion.<Clock Out> = top.dut.<Clock Out>;

Sheet clockDivider
C2: Base Clock | D2: =Define!C5 -> I_CLK
C3: Base Reset | D3: =Define!C6 -> I_RSTN
C5: CLKDIV | K5: Expected Preset(VFP)
C6: Reference Clock | D6: MAX Value | E6: DIVRATIO | F6: CLKOUT | G6: START FLAG | H6: DISABLE | K6: `include "uvm_marcros.svh" import uvm_pkg::*; interface assertion_intf(); logic [Bit Width] <Reference Clock>; logic [Bit Width] <Base Reset>; logic [Bit Width] <DIVRATIO>; logic [Bit Width] <CLKOUT>; logic [Bit Width] <START_FLAG>; parameter MAX = <MAX Value>; sequence s_clkdiv_counter(int high_cnt, int low_cnt); @(posedge Reference Clock or negedge Reference Clock) (1, high_cnt = 0, low_cnt = 0) ##[0:$] $rose(CLKOUT) ##0 (CLKOUT, high_cnt = high_cnt + 1)[*1:$] ##1 $fell(CLKOUT) ##0 (!CLKOUT, low_cnt = low_cnt + 1)[*1:$] ##1 $rose(CLKOUT) endsequence property p_clkdiv_check0; int h_cnt, l_cnt; @(posedge Reference Clock or negedge Reference Clock) disable iff (!Base Reset || DISABLE) $rose(START_FLAG) |-> first_match(s_clkdiv_counter(h_cnt, l_cnt)) |-> ((h == (DIVRATIO + 1)) && (l == (DIVRATIO + 1))) ##0 (1,$display("[%0t] [CLKDIV_CHK] (div=%0d) -> HIGH=%0d (%.1f Reference Clock), LOW=%0d (%.1f Reference Clock)", $realtime,DIVRATIO,h_cnt, h_cnt/2.0, l_cnt, l_cnt/2.0)); endproperty assert property (p_clkdiv_check0) else $error("failed at %t", $time") property p_clkdiv_rose_check0; @(posedge Reference Clock or negedge Reference Clock) disable iff (!Base Reset || DISABLE) $rose(START_FLAG) |-> ##[0:MAX*2] $rose(CLKOUT); endproperty assert property (p_clkdiv_rose_check0) else $error("failed at %t", $time") endinterface // 윗부분까지가 생성되는 assertion_gen.sv 입니다. 아래부터는 assertion_gen_inst.sv 입니다. assertion_intf u_assertion_intf(); assign u_assertion_intf.<Reference Clock> = top.dut.<Reference Clock>; assign u_assertion_intf.<Base Reset> = top.dut.<Base Reset>; assign u_assertion_intf.<DIVRATIO> = top.dut.<DIVRATIO>; assign u_assertion_intf.<CLKOUT> = top.dut.<CLKOUT>; assign u_assertion_inst.<START_FLAG> = top.dut.<START_FLAG>;
B8: i_den | C8: 5 | D8: i_hsync | E8: 78 | F8: 48 | G8: 4575

Sheet QCH
C2: Base Clock | D2: =Define!C5 -> I_CLK
C3: Base Reset | D3: =Define!C6 -> I_RSTN
C5: QCH | I5: Expected Preset(QCH)
C6: QREQn | D6: QACCEPTn | E6: QACTIVE | F6: QDENY | I6: `include "uvm_marcros.svh" import uvm_pkg::*; interface assertion_intf(); ( logic <Base Clock>; logic <Base Reset>; logic <QREQn>; logic <QACCEPTn>; logic <QACTIVE>; logic <QDENY>; ) always @(posedge <QREQn>) begin if (<Base Reset>) begin assert ((<QACCEPTn> == 1'b0) || (<QDENY> == 1'b1)) else $error("Full handshake violation on rising edge of QREQn"); end end always @(negedge <QREQn>) begin if (<Base Reset>) begin assert (<QACCEPTn> == 1'b1) else $error("Full handshake violation on falling edge of QREQn"); end end always @(posedge <QREQn>) begin if (<Base Reset>) begin assert (<QREQn> == 1'b1) else $error("Full handshake violation on rising edge of QACCEPTn"); end end always @(negedge <QACCEPTn>) begin if (<Base Reset>) begin assert (<QREQn> == 1'b0) else $error("Full handshake violation on falling edge of QACCEPTn"); end end always @(posedge <QDENY>) begin if (<Base Reset>) begin assert (<QREQn> == 1'b0) else $error("Full handshake violation on rising edge of QDENY"); end end always @negedge <QDENY>) begin if (<Base Reset>) begin assert (<QREQn> == 1'b1) else $error("Full handshake violation on falling edge of QDENY"); end end always @posedge <Base Clock>) begin if (<Base Reset>) begin assert (!((<QACCEPTn==1'b0) && (<QDENY==1'b1))) else $error("Conflicting QACCEPTn and QDENY"); end end property P_QRUN @(posedge <Base Clock> disable iff(!<Base Reset>) $rose(<QACTIVE>) |-> ##1 (QREQn && QACCEPTn) ##1 <QACTIVE>; endproperty assert property (p_vact) $display("[%0t] P_QRUN Assertion PASS", $time); else $display ("[%0t] P_QRUN Assertion FAIL", $time); endinterface // 윗부분까지가 생성되는 assertion_gen.sv 입니다. 아래부터는 assertion_gen_inst.sv 입니다. assertion_intf u_assertion_intf(); assign u_assertion_intf.<Base_Clock> = top.dut.<Base_Clock>; assign u_assertion_intf.<Base_Reset> = top.dut.<Base_Reset>; assign u_assertion_intf.<QREQn> = top.dut.<QREQn>; assign u_assertion_intf.<QACCEPTn> = top.dut.<QACCEPTn>; assign u_assertion_intf.<QACTIVE> = top.dut.<QACTIVE>; assign u_assertion_intf.<QDENY> = top.dut.<QDENY>;

Sheet pulseWidth
C2: Base Clock | D2: =Define!C5 -> I_CLK
C3: Base Reset | D3: =Define!C6 -> I_RSTN
C5: Pulse Width | H5: Expected Preset(Pulse Width)
C6: Pulse Signal | D6: Width Parameter | E6: Disable Condition | H6: `include "uvm_marcros.svh" import uvm_pkg::*; interface assertion_intf() ( input <Base Clock>, input <Base Reset>, input <Pulse Signal>, input <Disable Condition> ) parameter WIDTH_PARAM = <Width Parameter>; // It primarily checks High Width. For Low Width checking, substitute $fell to $rose, and $rose to $fell property p_pulseWidth; @(posedge <Base Clock>) disable iff(!<Base Reset> || <Disable Condition>) $rose(<Pulse Signal>) |-> <Pulse Signal>[*(WIDTH_PARAM)] ##(WIDTH_PARAM) $fell(<Pulse Signal>); endproperty assert property (p_pulseWidth) $display("[%0t] Assertion PASS", $time); else $display ("[%0t] Assertion FAIL", $time); endinterface // 윗부분까지가 생성되는 assertion_gen.sv 입니다. 아래부터는 assertion_gen_inst.sv 입니다. assertion_intf u_assertion_intf(); assign u_assertion.<Base_Clock> = top.dut.<Base_Clock>; assign u_assertion.<Base_Reset> = top.dut.<Base_Reset>; assign u_assertion.<Pulse Signal> = top.dut.<Pulse Signal>; assign u_assertion.<Disable Condition> = top.dut.<Disable Condition>;

Sheet Assertion System Function Guide
C5: EVENT TRRIGER | G5: Assertion Temporal Operators(시간 연산자)
C7: 함수 | D7: 설명 | E7: 예시 | G7: 연산자 | H7: 설명 | I7: 예시
C8: $past(expr, [n], [clk_enable]) | D8: n 사이클 전의 expr 값을 반환. clk_enable 조건이 있을 때만 추적. | E8: $past(req, 2) | G8: always | H8: 조건이 항상 참이어야 함 | I8: assert property (always (a -> b));
C9: $rose(expr) | D9: expr이 0 → 1로 상승했는지 확인 | E9: $rose(start) | G9: s_eventually | H9: 조건이 언젠가는 참이어야 함 (strong eventually) | I9: `assert property (a
C10: $fell(expr) | D10: expr이 1 → 0으로 하강했는지 확인 | E10: $fell(reset) | G10: eventually | H10: 조건이 언젠가는 참이어야 함 (weak eventually) | I10: `assert property (a
C11: $stable(expr) | D11: expr이 이전 사이클과 동일한지 확인 | E11: $stable(state) | G11: nexttime | H11: 조건이 다음 사이클에 참이어야 함 | I11: `assert property (a
C12: $changed(expr) | D12: expr이 이전 사이클과 달라졌는지 확인 | E12: $changed(data) | G12: until | H12: 조건이 다른 조건이 참이 될 때까지 계속 참이어야 함 | I12: assert property (a until b);
C13: $isunknown(expr) | D13: expr이 X 또는 Z 상태인지 확인 | E13: $isunknown(signal) | G13: until_with | H13: until과 비슷하지만, b가 참인 사이클에도 a가 참이어야 함 | I13: assert property (a until_with b);
C14: $onehot(expr) | D14: expr에서 정확히 1비트만 1인지 확인 | E14: $onehot(sel) | G14: implies | H14: |-> | I14: 앞의 event가 참이면 같은 사이클에 뒤의 조건 참인지 확인
C15: $onehot0(expr) | D15: expr에서 0개 또는 1개의 비트만 1인지 확인 | E15: $onehot0(sel) | G15: followed by (##) | H15: 두 조건이 지정된 시간 간격으로 순차적으로 발생해야 함 | I15: a ##1 b
C16: $countones(expr) | D16: expr에서 1의 개수를 반환 | E16: $countones(4'b1011) → 3 | G16: overlapped implies | H16: |=> | I16: 앞의 event가 참이면 한 사이클 후 뒤의 조건이 참인지 확인
C17: $countbits(expr, value) | D17: expr에서 value와 같은 비트 수를 반환 | E17: $countbits(4'b1011, 1'b0) → 1 | G17: throughout | H17: 조건이 지속적으로 참이어야 함 | I17: assert property (a throughout b);
C18: $clog2(expr) | D18: expr보다 크거나 같은 최소 2의 제곱수의 log2 값을 반환 | E18: $clog2(9) → 4 | G18: within | H18: 조건이 지정된 시간 내에 참이어야 함 | I18: assert property (a within [1:5]);
C19: $size(array) | D19: 배열의 크기를 반환 | E19: $size(my_array) | G19: disable iff | H19: 특정 조건이 참일 때 Assertion을 비활성화 | I19: disable iff (reset)
C20: $dimensions(array) | D20: 배열의 차원 수를 반환 | E20: $dimensions(my_array)
C21: $left(array, dim) | D21: 배열의 dim 차원의 왼쪽 인덱스 반환 | E21: $left(my_array, 1)
C22: $right(array, dim) | D22: 배열의 dim 차원의 오른쪽 인덱스 반환 | E22: $right(my_array, 1)
C23: $low(array, dim) | D23: 배열의 dim 차원의 최소 인덱스 반환 | E23: $low(my_array, 1)
C24: $high(array, dim) | D24: 배열의 dim 차원의 최대 인덱스 반환 | E24: $high(my_array, 1)
C25: $increment(array, dim) | D25: 배열의 인덱스 증가 방향 반환 | E25: $increment(my_array, 1)
C26: $typename(var) | D26: 변수의 타입 이름을 문자열로 반환 | E26: $typename(my_var)
